meta_object$subgroup.levels,studies,event,patient_sum,PointEst.fix,lower.fix,upper.fix,PointEst.ran,lower.ran,upper.ran,p.ran
after,9,75,879,0.08532423208252164,0.06857750636924557,0.10569645341214946,0.08187584969480209,0.05757254338798044,0.11518450299336938,0.9940400876119779
before,3,27,287,0.09407665506609814,0.06530581774645423,0.1337094432254525,0.08212878100859489,0.03878731812890319,0.16555894577277416,0.9940400876119779
