meta_object$subgroup.levels,studies,event,patient_sum,PointEst.fix,lower.fix,upper.fix,PointEst.ran,lower.ran,upper.ran,p.ran
Tisa-cel,9,43,1023,0.04203323558165938,0.03131837873098196,0.05620124643689273,0.042033235581624674,0.03131837340195448,0.05620125575416491,3.9329167991439025e-10
Liso-cel,3,16,422,0.03791469194391576,0.023354921949598203,0.06098443898194208,0.03791469194315483,0.02335488619859169,0.06098452873597514,3.9329167991439025e-10
Axi-cel,18,289,3398,0.08505002942918832,0.07612773901918332,0.09491059948660431,0.07261300796620146,0.05737176925202025,0.09151012451367015,3.9329167991439025e-10
Tisa-cel+Axi-cel,4,87,1228,0.07084690556857924,0.05777198830964353,0.08660893028225093,0.08602792570840723,0.04525762797811014,0.15746847416795218,3.9329167991439025e-10
Ide-cel,8,46,726,0.06336088154269973,0.04778647099061111,0.08356578928148434,0.06336088154269973,0.047786470009298566,0.08356579093305766,3.9329167991439025e-10
Cilta-cel,4,50,328,0.15243902439024393,0.1174632273319587,0.19552194168386822,0.15243902439844154,0.11746322901135253,0.19552193915566327,3.9329167991439025e-10
Ide-cel+Cilta-cel,1,7,139,0.050359712230268534,0.024195948313256558,0.10186180181200749,0.050359712230268534,0.024195948313256558,0.10186180181200749,3.9329167991439025e-10
Brexu-cel,5,36,340,0.10588235294117969,0.07734566680105254,0.14331228238041027,0.10588235294117657,0.07734566542778955,0.14331228474297208,3.9329167991439025e-10
