meta_object$subgroup.levels,studies,event,patient_sum,PointEst.fix,lower.fix,upper.fix,PointEst.ran,lower.ran,upper.ran,p.ran
before,7,73,1141,0.06397896581945661,0.05116446194704012,0.07973325172813765,0.06434868186513032,0.040197897861071474,0.10147514745193638,0.81230289313012
after,24,347,4665,0.07438370846985501,0.06719578865765116,0.08227270299090816,0.06035959065758041,0.046873323743646826,0.07741094576328672,0.81230289313012
