meta_object$subgroup.levels,studies,event,patient_sum,PointEst.fix,lower.fix,upper.fix,PointEst.ran,lower.ran,upper.ran,p.ran
Tisa-cel,9,43,1023,0.04203323558165938,0.03131837873098196,0.05620124643689273,0.042033235581624674,0.03131837340195448,0.05620125575416491,6.263862789233434e-11
Liso-cel,3,16,422,0.03791469194391576,0.023354921949598203,0.06098443898194208,0.03791469194315483,0.02335488619859169,0.06098452873597514,6.263862789233434e-11
Axi-cel,18,289,3398,0.08505002942918832,0.07612773901918332,0.09491059948660431,0.07261300796620146,0.05737176925202025,0.09151012451367015,6.263862789233434e-11
Ide-cel,8,46,726,0.06336088154269973,0.04778647099061111,0.08356578928148434,0.06336088154269973,0.047786470009298566,0.08356579093305766,6.263862789233434e-11
Cilta-cel,4,50,328,0.15243902439024393,0.1174632273319587,0.19552194168386822,0.15243902439844154,0.11746322901135253,0.19552193915566327,6.263862789233434e-11
Brexu-cel,5,36,340,0.10588235294117969,0.07734566680105254,0.14331228238041027,0.10588235294117657,0.07734566542778955,0.14331228474297208,6.263862789233434e-11
