meta_object$subgroup.levels,studies,event,patient_sum,PointEst.fix,lower.fix,upper.fix,PointEst.ran,lower.ran,upper.ran,p.ran
later,25,370,5226,0.0707998469279811,0.06415362031531373,0.07807716893306797,0.057547949570442056,0.044454371685803094,0.0741986406858824,0.15776362307993824
earlier,6,50,580,0.08620689655182828,0.06593882632302732,0.11195817202041405,0.08033463414635764,0.05449810612400737,0.11690531137367449,0.15776362307993824
