meta_object$subgroup.levels,studies,event,patient_sum,PointEst.fix,lower.fix,upper.fix,PointEst.ran,lower.ran,upper.ran,p.ran
later,11,61,792,0.07702020203437718,0.060384088140534094,0.09776277246533484,0.0729322395987849,0.049168476667585205,0.10689018395051275,0.18600690910706744
earlier,2,42,401,0.10473815461346657,0.0783280628823927,0.1387128320483858,0.10479700162556867,0.07185907258333088,0.15038636068223027,0.18600690910706744
